b.anup,9212201
a.deb,9212202
arpa,9212203
basudeb,9212204
bhaswati,9212205
bulbul,9212206
c.jana,9212207
deb,9212208
d.mondal,9212209
a.hridesh,9212210
indranil,9212211
i.sarkar,9212212
j.sahoo,9212213
julfikar,9212214
k.ghosh,9212215
k.bhowmik,9212216
b.manash,9212217
m.dinda,9212218
mouni,9212219
m.maity,9212220
nimai,9212222
n.roy,9212223
panugulla,9212224
p.barman,9212225
prativa,9212226
m.pritam,9212227
p.chakra,9212228
rita,9212229
s.santra,9212230
saugata,9212231
b.soumya,9212232
sk.santra,9212233
suman.d,9212234
supratim,9212235
s.chaudhur,9212236
t.gupta,9212237
vanjarapu,9212238
g.abhijit,9212101
nandy.a,9212103
a.mandal,9212104
d.arnab,9212105
arundhati,9212106
modak.a,9212108
kumar.d,9212111
gulab,9212113
jiarul,9212115
j.goswami,9212116
jit,9212117
k.sau,9212118
s.kaustav,9212119
krashna,9212120
n.singha,9212121
paban,9212122
priyabrata,9212123
r.sari,9212125
s.gaware,9212127
j.shipra,9212128
shiv.s,9212129
s.koner,9212130
d.sumit,9212131
suvendu,9212132
tanmoy,9212133
t.singha,9212134
u.borah,9212135
ak.das,9212301
c.amar,9212302
a.laha,9212303
a.dhara,9212305
g.arpan,9212306
asrifa,9212307
b.avijit,9212308
bj.das,9212311
d.ghosh,9212313
d.dwivedi,9212314
g.dipankar,9212315
g.panicker,9212316
gouranga,9212317
ikbal,9212318
jismy,9212320
mitra,9212324
m.saikia,9212325
nand,9212327
c.nitin,9212328
p.jhawar,9212329
princy,9212330
rajesh.k,9212331
sahadeb,9212332
g.samit,9212333
sarita,9212335
shuchita,9212336
s.shweta,9212337
urmi,9212339
