agoyal,7010601
amer,7010602
a.tyagi,7010603
a.mohta,7010604
ashay,7010605
k.atul,7010606
b.chennuri,7010607
b.bidyut,7010608
debraj,7010609
deepakk,7010610
hifzur,7010611
i.gupta,7010612
k.kiran,7010613
kamsali,7010614
k.saurabh,7010615
m.pankaj,7010616
m.goel,7010617
mudit,7010618
n.rastogi,7010619
n.suthar,7010620
potukuchi,7010621
p.syal,7010622
k.pranjal,7010623
rapaka,7010624
m.roshan,7010625
s.goyal,7010626
s.kasani,7010627
smiti,7010628
srishti,7010629
thetakali,7010630
uttej,7010631
v.abhinav,7010632
y.meena,7010633
a.langthasa,7010701
a.panigrahi,7010702
a.akash,7010703
j.akshat,7010704
a.soni,7010705
c.babu,7010706
debanga,7010707
d.lahoti,7010708
disha,7010709
g.gopal,7010710
k.gaurav,7010711
g.pagaria,7010712
h.mangalampalli,7010713
h.goyal,7010714
j.boro,7010715
k.nandamuri,7010717
kodam,7010718
manosij,7010719
n.ajay,7010720
n.verma,7010721
nilesh,7010722
n.surana,7010723
n.agrawal,7010724
peeush,7010725
k.prashant,7010726
rahil,7010727
s.rajiv,7010357
r.prakash,7010729
shashikant,7010730
shubham,7010731
s.jatavath,7010732
sonam,7010733
s.yadav,7010734
s.mudaliar,7010735
t.kankhedia,7010736
ved,7010737
v.sanka,7010738
v.mohan,7010739
v.bhannariya,7010740
vukyam,7010741
j.meena,7010716
a.bhaker,7012201
a.rao,7012202
m.akshay,7012203
j.ankit,7012204
anvita,7012205
ghegadmal,7012206
goli,7012207
p.gyan,7012208
ishir,7012209
j.matani,7012210
karttikay,7012211
b.kranthi,7012212
n.ladha,7012213
n.biyani,7012214
n.sharma,7012215
pulkit,7012216
rajdeo,7012217
s.raman,7012218
r.rohit,7012219
s.bedi,7012220
a.shailendra,7012221
a.shubham,7012222
s.gro,7012223
a.chaitanya,7010401
aakash,7010402
adeel,7010403
g.akash,7010404
a.pasricha,7010405
s.alok,7010406
amandeep,7010407
s.amandeep,7010408
ammar,7010409
anirudh,7010410
aveedibya,7010411
e.bhaskara,7010412
b.meena,7010413
m.dinesh,7010414
v.dilip,7010415
doel,7010416
g.gautham,7010417
gagandeep,7010418
goluguri,7010419
h.goel,7010420
ishnath,7010421
kakula,7010422
kapinjal,7010423
manikonda,7010424
m.rajesh,7010425
moka,7010426
n.choudary,7010427
r.nalla,7010428
narahari,7010429
neerajkt,7010430
s.nitin,7010431
padidala,7010432
p.raipuria,7010433
p.saraswat,7010434
p.ropia,7010435
praveen.k,7010436
r.brahma,7010437
r.vyass,7010438
rahul.k,7010439
rajroop,7010440
s.satish,7010441
s.shailesh,7010442
s.gheek,7010443
s.prakash,7010444
suyog,7010445
s.tarun,7010446
vidur,7010447
v.anand,7010448
v.bajpai,7010449
aatish,7010101
a.nandkishore,7010102
c.ajay,7010103
t.ajeet,7010104
amlan,7010105
a.bhatnagar,7010106
bharat,7010107
b.bhaskar,7010108
b.sarma,7010109
c.jha,7010110
d.gupta,7010111
devadeep,7010112
d.paduru,7010113
g.garima,7010114
b.jackey,7010115
jalapally,7010116
jupaka,7010117
knkumar,7010118
k.ravindra,7010119
komal,7010120
kommineni,7010121
kondeti,7010122
kuppannagari,7010123
m.durgaprasad,7010124
maddula,7010125
m.verma,7010126
mane,7010127
manpreet,7010128
n.dua,7010129
o.patri,7010130
ponugoti,7010131
k.pranav,7010132
prannoy,7010133
s.rajan,7010134
s.rajat,7010135
r.vellisetti,7010136
r.pingali,7010137
r.yarlagadda,7010138
ravi.ranjan,7010139
rohan,7010140
r.kohli,7010141
sadhwi,7010142
s.burra,7010143
s.chandra,7010144
kuman.kumar,7010145
s.tomer,7010146
tuniki,7010147
u.srivastava,7010148
surbhi,7010149
a.bandi,7020501
ankita,7020502
anuraj,7020503
dushyant,7020504
gaikwad,7020505
v.harshal,7020506
ishan,7020508
j.sethi,7020509
jauhari,7020510
m.jitendra,7020511
k.shubhankar,7020512
pushpender,7020513
rajkumar,7020514
k.rishabh,7020515
rode,7020516
s.rohit,7020517
shamik,7020518
shobhan,7020519
supal,7020520
s.suri,7020521
t.theophilus,7020522
tejas,7020523
trupti,7010524
vinayk,7010525
a.sudhansh,7010201
a.mukhopadhyay,7010202
a.sinha,7010203
akashg,7010204
aniketh,7010205
g.anshul,7010206
a.kadian,7010207
a.gahtori,7010208
k.avinash,7010209
bendapudi,7010210
c.narra,7010211
d.srikanth,7010212
darsha,7010213
d.sengupta,7010214
d.garg,7010215
d.rathore,7010216
eddu,7010217
m.gaurav,7010218
k.sharma,7010219
kabir,7010220
k.karwa,7010221
lalji,7010222
lokmanya,7010223
malyala,7010224
v.manav,7010225
manisha,7010226
m.kaushik,7010227
marturi,7010228
m.goyal,7010229
n.palaiya,7010230
nishanth,7010231
palash,7010232
paritosh,7010233
j.piyush,7010234
p.mili,7010235
punuri,7010236
r.dixit,7010237
k.ranjeet,7010238
r.garg,7010239
s.poonia,7010240
b.satya,7010241
sonteni,7010242
sudheerkumar,7010243
s.pateer,7010244
s.sheth,7010245
v.garg,7010246
v.sharma,7010247
k.vivek,7010248
s.vivek,7010249
a.yasaswy,7012101
a.rastogi,7012102
a.prasad,7012103
a.chaudhary,7012104
a.agrwaal,7012105
balakrishna,7012106
g.mamtani,7012107
geetansh,7012108
gunuganti,7012109
joshi,7012110
kavva,7012111
m.gurram,7012112
m.mridha,7012113
r.bhiwagade,7012114
m.rishabh,7012115
m.saurabh,7012116
s.raizada,7012117
s.subhojit,7012118
v.kalagara,7012119
valivarthi,7012120
venkateshwar,7012121
v.prajapati,7012122
yalmarthy,7012123
a.kashyap,7012301
abhishekkuamr,7012302
abhisheksingh,7012303
a.mehra,7012304
arihant,7012305
ashray,7012306
badida,7012307
b.giridhar,7012308
d.dagar,7012309
g.nithyanandam,7012310
h.kesarwani,7012311
s.karthik,7012312
manjeet,7012313
miriyalu,7012314
muchenthula,7012315
nvreddy,7012316
nandamuri,7012317
p.lakhawat,7012318
r.goyal,7012319
rangoju,7012320
subhash,7012321
g.vishal,7012322
waikos,7012323
y.boyapati,7012324
khalkho.a,7010301
v.aditya,7010302
d.akash,7010303
j.alok,7010304
alok.jha,7010305
shrivastava.a,7010306
a.biswas,7010307
ashish.k,7010308
b.maskay,7010309
c.kartha,7010310
c.malay,7010311
chheda,7010312
deopuje,7010313
dhage,7010314
g.prodosh,7010315
gurmeet,7010316
h.kumar,7010317
h.ailawadhi,7010318
h.parwani,7010319
ishita,7010320
jagtap,7010321
j.jain,7010322
karra,7010323
kunuthur,7010324
madan,7010325
m.naveen,7010326
nidamanuri,7010327
nithin,7010328
p.ranjith,7010329
p.sahu,7010330
pargi,7010331
p.bagdi,7010332
p.hooda,7010333
k.prateek,7010334
b.priyank,7010335
prudhvi,7010336
r.karthik,7010337
r.bhunatar,7010338
sachidanand,7010339
sahare,7010340
s.kodi,7010341
sanchit,7010342
s.mandal,7010343
shakun,7010344
s.dev,7010347
tejaswi,7010348
v.sriram,7010349
r.vikram,7010350
s.vishal,7010351
voruganti,7010352
yegireddi,7010353
s.sitaram,7010345
a.khalkho,7010301
